"Date","RH_Q_cms","decile_RH_Q","WRT_days","decile_WRT","flow_class_WRT","flow_class_RH_Q_cms"
2024-01-01,0.349099411958565,8,578.595356638362,2,"Normal","Normal"
2024-01-02,0.310319901747685,7,650.6225169745,3,"Normal","Normal"
2024-01-03,0.276391344920139,7,729.693347489184,3,"Normal","Normal"
2024-01-04,0.246959362991667,6,816.109433931026,3,"Normal","Normal"
2024-01-05,0.221558171068287,6,907.856274524261,4,"Normal","Normal"
2024-01-06,0.242357747763426,6,830.219730263734,3,"Normal","Normal"
2024-01-07,0.337447362515046,7,598.728495305398,2,"Normal","Normal"
2024-01-08,0.300831789186343,7,672.680108908757,3,"Normal","Normal"
2024-01-09,0.896053955050231,10,229.258471868468,1,"Fast WRT","High flow"
2024-01-10,0.958987435902315,10,226.479648520154,1,"Fast WRT","High flow"
2024-01-11,0.87404004848912,10,252.758029291708,1,"Fast WRT","High flow"
2024-01-12,0.820605290332639,10,271.7576645377,1,"Fast WRT","High flow"
2024-01-13,0.981019379691667,10,229.025594651919,1,"Fast WRT","High flow"
2024-01-14,0.884689970751852,10,255.30770775684,1,"Fast WRT","High flow"
2024-01-15,0.829949635574768,10,273.242860423246,1,"Fast WRT","High flow"
2024-01-16,0.81631189950463,10,279.030751204415,1,"Fast WRT","High flow"
2024-01-17,0.741572522262269,10,307.609212797608,1,"Fast WRT","High flow"
2024-01-18,0.663938169887269,10,343.923928049808,1,"Fast WRT","High flow"
2024-01-19,0.598396187527546,9,381.994029858028,1,"Fast WRT","Normal"
2024-01-20,0.539381029257407,9,423.753853195974,1,"Fast WRT","Normal"
2024-01-21,0.486637521347917,9,469.03513299289,2,"Normal","Normal"
2024-01-22,0.440332773413657,8,517.681384607464,2,"Normal","Normal"
2024-01-23,0.399536807186806,8,570.420008372748,2,"Normal","Normal"
2024-01-24,0.368798187224306,8,NA,NA,"Normal","Normal"
2024-01-25,0.47970910367662,9,NA,NA,"Normal","Normal"
2024-01-26,0.523017019189352,9,NA,NA,"Normal","Normal"
2024-01-27,0.484315493465278,9,NA,NA,"Normal","Normal"
2024-01-28,0.755605485833565,10,NA,NA,"Normal","High flow"
2024-01-29,0.698805723596759,10,NA,NA,"Normal","High flow"
2024-01-30,0.641859011000463,10,NA,NA,"Normal","High flow"
2024-01-31,0.596747903170371,9,NA,NA,"Normal","Normal"
2024-02-01,0.546555071536806,9,NA,NA,"Normal","Normal"
2024-02-02,0.500150588340509,9,NA,NA,"Normal","Normal"
2024-02-03,0.460254892005556,9,NA,NA,"Normal","Normal"
2024-02-04,0.423247804722685,8,NA,NA,"Normal","Normal"
2024-02-05,0.390416866284259,8,NA,NA,"Normal","Normal"
2024-02-06,0.36121989882963,8,NA,NA,"Normal","Normal"
2024-02-07,0.335386874441898,7,NA,NA,"Normal","Normal"
2024-02-08,0.312453069240509,7,NA,NA,"Normal","Normal"
2024-02-09,0.292405220557639,7,NA,NA,"Normal","Normal"
2024-02-10,0.2912863819,7,NA,NA,"Normal","Normal"
2024-02-11,0.388562745322454,8,NA,NA,"Normal","Normal"
2024-02-12,0.398521417338194,8,NA,NA,"Normal","Normal"
2024-02-13,0.568433168379398,9,NA,NA,"Normal","Normal"
2024-02-14,0.550191164547454,9,NA,NA,"Normal","Normal"
2024-02-15,0.508307129052315,9,NA,NA,"Normal","Normal"
2024-02-16,0.465814071850694,9,NA,NA,"Normal","Normal"
2024-02-17,0.436026119917824,8,NA,NA,"Normal","Normal"
2024-02-18,0.40287687745162,8,NA,NA,"Normal","Normal"
2024-02-19,0.373824207822917,8,NA,NA,"Normal","Normal"
2024-02-20,0.34779860949838,7,NA,NA,"Normal","Normal"
2024-02-21,0.324963478545602,7,NA,NA,"Normal","Normal"
2024-02-22,0.304510322734028,7,NA,NA,"Normal","Normal"
2024-02-23,0.315339025759028,7,NA,NA,"Normal","Normal"
2024-02-24,0.316197916127315,7,NA,NA,"Normal","Normal"
2024-02-25,0.300021174928935,7,NA,NA,"Normal","Normal"
2024-02-26,0.286776013826389,7,860.228714584716,4,"Normal","Normal"
2024-02-27,0.29921639624537,7,824.627956406165,3,"Normal","Normal"
2024-02-28,0.380553685476852,8,649.101644311374,3,"Normal","Normal"
2024-02-29,0.37739133496088,8,664.774624098691,3,"Normal","Normal"
2024-03-01,0.378383913020833,8,679.22548356537,3,"Normal","Normal"
2024-03-02,0.452287742190278,8,570.979413789442,2,"Normal","Normal"
2024-03-03,0.431343867669213,8,601.296487564932,2,"Normal","Normal"
2024-03-04,0.401943716143519,8,647.28555321884,3,"Normal","Normal"
2024-03-05,0.372532954483565,8,700.148506833197,3,"Normal","Normal"
2024-03-06,0.406055143168981,8,643.84420439478,3,"Normal","Normal"
2024-03-07,0.427377799483102,8,616.25901261072,2,"Normal","Normal"
2024-03-08,0.401959631344907,8,659.978764174785,3,"Normal","Normal"
2024-03-09,0.854952416956713,10,312.501234847888,1,"Fast WRT","High flow"
2024-03-10,0.73150509637037,10,368.432806395128,1,"Fast WRT","High flow"
2024-03-11,0.68700141872662,10,393.857649368858,1,"Fast WRT","High flow"
2024-03-12,0.633127931518519,10,428.372895543151,1,"Fast WRT","High flow"
2024-03-13,0.584899566243056,9,464.420642589126,1,"Fast WRT","Normal"
2024-03-14,0.542924283593287,9,502.47724179776,2,"Normal","Normal"
2024-03-15,0.508506069069676,9,540.099013533632,2,"Normal","Normal"
2024-03-16,0.478265064403935,9,574.414052064043,2,"Normal","Normal"
2024-03-17,0.448432549907176,8,612.500917492457,2,"Normal","Normal"
2024-03-18,0.422885999144444,8,647.81465078597,3,"Normal","Normal"
2024-03-19,0.399449273579167,8,682.74131947007,3,"Normal","Normal"
2024-03-20,0.378036961630556,8,720.867041312894,3,"Normal","Normal"
2024-03-21,0.35874190197338,8,757.150769431237,3,"Normal","Normal"
2024-03-22,0.341600699570833,7,793.726595710815,3,"Normal","Normal"
2024-03-23,0.717166030425694,10,378.914868173844,1,"Fast WRT","High flow"
2024-03-24,0.580247552877083,9,468.227832852491,2,"Normal","Normal"
2024-03-25,0.545980002259954,9,497.465082103336,2,"Normal","Normal"
2024-03-26,0.984846455118982,10,275.710560021809,1,"Fast WRT","High flow"
2024-03-27,0.827011158891667,10,328.40576260104,1,"Fast WRT","High flow"
2024-03-28,0.768509000612963,10,353.025351757336,1,"Fast WRT","High flow"
2024-03-29,0.709368642758565,10,381.561799001412,1,"Fast WRT","High flow"
2024-03-30,0.656684551600926,10,411.90599773415,1,"Fast WRT","High flow"
2024-03-31,0.616390444724537,10,NA,NA,"Normal","High flow"
2024-04-01,0.573922321338426,9,NA,NA,"Normal","Normal"
2024-04-02,0.538295612522685,9,NA,NA,"Normal","Normal"
2024-04-03,0.946139624327778,10,NA,NA,"Normal","High flow"
2024-04-04,0.735386283482407,10,NA,NA,"Normal","High flow"
2024-04-05,0.689692148774768,10,NA,NA,"Normal","High flow"
2024-04-06,0.643249999601852,10,NA,NA,"Normal","High flow"
2024-04-07,0.600395136821991,9,NA,NA,"Normal","Normal"
2024-04-08,0.561521726922917,9,NA,NA,"Normal","Normal"
2024-04-09,0.551280294829167,9,NA,NA,"Normal","Normal"
2024-04-10,0.513329966610648,9,NA,NA,"Normal","Normal"
2024-04-11,0.687348900623611,10,NA,NA,"Normal","High flow"
2024-04-12,1.09605074178356,10,NA,NA,"Normal","High flow"
2024-04-13,0.842285508171296,10,NA,NA,"Normal","High flow"
2024-04-14,0.797837533732408,10,NA,NA,"Normal","High flow"
2024-04-15,0.74212424924375,10,NA,NA,"Normal","High flow"
2024-04-16,0.692278899507176,10,NA,NA,"Normal","High flow"
2024-04-17,0.648516870248148,10,NA,NA,"Normal","High flow"
2024-04-18,0.61170182639537,10,NA,NA,"Normal","High flow"
2024-04-19,0.57812340399838,9,NA,NA,"Normal","Normal"
2024-04-20,0.549148188349769,9,NA,NA,"Normal","Normal"
2024-04-21,0.534176227896528,9,NA,NA,"Normal","Normal"
2024-04-22,0.50561692951088,9,NA,NA,"Normal","Normal"
2024-04-23,0.481172771697685,9,NA,NA,"Normal","Normal"
2024-04-24,0.458194403932407,8,NA,NA,"Normal","Normal"
2024-04-25,0.438512604881482,8,NA,NA,"Normal","Normal"
2024-04-26,0.420628162574074,8,NA,NA,"Normal","Normal"
2024-04-27,0.405036570280093,8,NA,NA,"Normal","Normal"
2024-04-28,0.389569647063657,8,NA,NA,"Normal","Normal"
2024-04-29,0.375163206766435,8,NA,NA,"Normal","Normal"
2024-04-30,0.367585448878472,8,NA,NA,"Normal","Normal"
2024-05-01,0.358674527620833,8,NA,NA,"Normal","Normal"
2024-05-02,0.344400714001852,7,NA,NA,"Normal","Normal"
2024-05-03,0.332750786585185,7,NA,NA,"Normal","Normal"
2024-05-04,0.375247026827083,8,NA,NA,"Normal","Normal"
2024-05-05,0.630794762994907,10,NA,NA,"Normal","High flow"
2024-05-06,0.845164037595833,10,NA,NA,"Normal","High flow"
2024-05-07,0.672083039451389,10,NA,NA,"Normal","High flow"
2024-05-08,0.60677448004537,10,NA,NA,"Normal","High flow"
2024-05-09,0.621812223331019,10,NA,NA,"Normal","High flow"
2024-05-10,0.572816745348611,9,NA,NA,"Normal","Normal"
2024-05-11,0.536780485350463,9,NA,NA,"Normal","Normal"
2024-05-12,0.462689917818056,9,NA,NA,"Normal","Normal"
2024-05-13,0.412569235097454,8,NA,NA,"Normal","Normal"
2024-05-14,0.533794793569907,9,NA,NA,"Normal","Normal"
2024-05-15,0.584546248772222,9,NA,NA,"Normal","Normal"
2024-05-16,0.54457203744375,9,495.833106190068,2,"Normal","Normal"
2024-05-17,0.516553855905324,9,521.813576578633,2,"Normal","Normal"
2024-05-18,1.26606435011366,10,213.520868148657,1,"Fast WRT","High flow"
2024-05-19,0.945229805315046,10,286.834344369383,1,"Fast WRT","High flow"
2024-05-20,0.797348406543055,10,340.045420964126,1,"Fast WRT","High flow"
2024-05-21,0.791050230846759,10,342.505344047521,1,"Fast WRT","High flow"
2024-05-22,0.744343358824074,10,362.986758809019,1,"Fast WRT","High flow"
2024-05-23,0.739935378546065,10,364.427146056487,1,"Fast WRT","High flow"
2024-05-24,0.739735377515278,10,364.103662089485,1,"Fast WRT","High flow"
2024-05-25,0.676205076611111,10,397.891085796041,1,"Fast WRT","High flow"
2024-05-26,0.632883367923843,10,424.405023076023,1,"Fast WRT","High flow"
2024-05-27,0.624087036116204,10,430.213816653606,1,"Fast WRT","High flow"
2024-05-28,0.49017069605625,9,546.643344488677,2,"Normal","Normal"
2024-05-29,0.431212302004398,8,620.297253859604,2,"Normal","Normal"
2024-05-30,0.379229540721296,8,703.56627541895,3,"Normal","Normal"
2024-05-31,0.334086071981713,7,796.542569712512,3,"Normal","Normal"
2024-06-01,0.295285872009028,7,898.819113396465,4,"Normal","Normal"
2024-06-02,0.298924087046528,7,886.267085501605,4,"Normal","Normal"
2024-06-03,0.309458889352546,7,854.551753036436,4,"Normal","Normal"
2024-06-04,0.304641888398843,7,866.723271466892,4,"Normal","Normal"
2024-06-05,0.332069085459028,7,796.714538373801,3,"Normal","Normal"
2024-06-06,0.362223617530556,8,731.773401787543,3,"Normal","Normal"
2024-06-07,0.316456272896528,7,837.19586496706,4,"Normal","Normal"
2024-06-08,0.282931431677546,7,935.383485170043,4,"Normal","Normal"
2024-06-09,0.254452239805556,6,1038.09093643135,5,"Normal","Normal"
2024-06-10,0.225923180302546,6,1166.27263695453,5,"Normal","Normal"
2024-06-11,0.201514035932407,5,1301.89433616454,5,"Normal","Normal"
2024-06-12,0.18078819967037,5,1446.39568443383,6,"Normal","Normal"
2024-06-13,0.174368007430093,5,1497.70891922821,6,"Normal","Normal"
2024-06-14,0.165509075830324,5,1574.46553041339,6,"Normal","Normal"
2024-06-15,0.150517486628704,4,1727.85453543797,7,"Normal","Normal"
2024-06-16,0.144785892101852,4,1791.55384372698,7,"Normal","Normal"
2024-06-17,0.139870216899537,4,1836.74016807028,7,"Normal","Normal"
2024-06-18,0.128769363930787,4,1990.69494897652,7,"Normal","Normal"
2024-06-19,0.11818999906088,3,2165.66422495342,8,"Normal","Normal"
2024-06-20,0.109581997136343,3,2333.22065549095,8,"Normal","Normal"
2024-06-21,0.1033310365375,3,2469.53099041774,8,"Normal","Normal"
2024-06-22,0.0989230562594907,3,2573.04836850638,8,"Normal","Normal"
2024-06-23,0.0938169291472222,2,2708.09899865374,9,"Normal","Normal"
2024-06-24,0.0879405062877315,2,2883.42991144658,9,"Normal","Normal"
2024-06-25,0.0825924681143518,2,3040.85062178643,9,"Normal","Normal"
2024-06-26,0.0830587835150463,2,3016.77262675086,9,"Normal","Normal"
2024-06-27,0.0872657017488426,2,2867.6161548103,9,"Normal","Normal"
2024-06-28,0.0930720977222222,2,2680.72151860702,9,"Normal","Normal"
2024-06-29,0.0910349519444444,2,2732.70603306534,9,"Normal","Normal"
2024-06-30,0.0884641164134259,2,2805.22569390756,9,"Normal","Normal"
2024-07-01,0.0805096987592593,2,3074.63249730473,9,"Normal","Normal"
2024-07-02,0.0737738550247685,2,3344.50962029519,9,"Normal","Normal"
2024-07-03,0.0688491612083333,2,3567.89786840982,9,"Normal","Normal"
2024-07-04,0.0934254151930556,2,2621.32943873028,8,"Normal","Normal"
2024-07-05,0.176441758171065,5,1386.43840906565,6,"Normal","Normal"
2024-07-06,0.157348821571528,4,1553.17290829336,6,"Normal","Normal"
2024-07-07,0.144564140295833,4,1688.17185386432,7,"Normal","Normal"
2024-07-08,0.133880796110185,4,1822.51186396726,7,"Normal","Normal"
2024-07-09,0.123365092045833,4,1973.81225920343,7,"Normal","Normal"
2024-07-10,0.114112524465046,3,2129.23552048944,8,"Normal","Normal"
2024-07-11,0.103108223718056,3,2349.84506243861,8,"Normal","Normal"
2024-07-12,0.096513494769213,3,2503.04076893955,8,"Normal","Normal"
2024-07-13,0.0889330843476852,2,2708.5978645381,9,"Normal","Normal"
2024-07-14,0.0826513543594907,2,2906.2882419662,9,"Normal","Normal"
2024-07-15,0.0774561021194444,2,3090.0857699111,9,"Normal","Normal"
2024-07-16,0.0746751859300926,2,3193.0589181479,9,"Normal","Normal"
2024-07-17,0.0772789128773148,2,3078.20851112487,9,"Normal","Normal"
2024-07-18,0.0876577462097222,2,2710.38526584334,9,"Normal","Normal"
2024-07-19,0.0952678650071759,3,2487.28498139858,8,"Normal","Normal"
2024-07-20,0.117397952538426,3,2013.40584238524,7,"Normal","Normal"
2024-07-21,0.179997214161343,5,1310.44167192226,5,"Normal","Normal"
2024-07-22,0.181385019722454,5,1297.25686564631,5,"Normal","Normal"
2024-07-23,0.238641017732407,6,984.134850302509,4,"Normal","Normal"
2024-07-24,0.281386065622685,7,833.567044573174,4,"Normal","Normal"
2024-07-25,0.272419971666898,7,859.774403266051,4,"Normal","Normal"
2024-07-26,0.263509050409259,6,887.403224682854,4,"Normal","Normal"
2024-07-27,0.237069656848611,6,986.850042728736,4,"Normal","Normal"
2024-07-28,0.208953862075,5,1117.91524454575,5,"Normal","Normal"
2024-07-29,0.195472094978472,5,1193.01287715626,5,"Normal","Normal"
2024-07-30,0.188883201603472,5,1232.76598207829,5,"Normal","Normal"
2024-07-31,0.167929247454861,5,1383.64234748697,6,"Normal","Normal"
2024-08-01,0.150666559015046,4,1538.55756104325,6,"Normal","Normal"
2024-08-02,0.13911689736713,4,1661.40913946998,6,"Normal","Normal"
2024-08-03,0.146958317091435,4,1568.97444388187,6,"Normal","Normal"
2024-08-04,0.202425446465278,5,1136.25545946987,5,"Normal","Normal"
2024-08-05,0.209667924110648,6,1091.43226389674,5,"Normal","Normal"
2024-08-06,0.185599895556944,5,1230.3326821098,5,"Normal","Normal"
2024-08-07,0.167641712816435,5,1359.57739118258,6,"Normal","Normal"
2024-08-08,0.327906199282407,7,695.886922716892,3,"Normal","Normal"
2024-08-09,0.622186230563657,10,371.100782322269,1,"Fast WRT","High flow"
2024-08-10,0.594329853572685,9,388.466090422534,1,"Fast WRT","Normal"
2024-08-11,0.522159720341204,9,440.050477615864,1,"Fast WRT","Normal"
2024-08-12,0.456390681108333,8,502.515677181185,2,"Normal","Normal"
2024-08-13,0.400050337684954,8,572.093057392258,2,"Normal","Normal"
2024-08-14,0.35102515132662,8,650.446736470068,3,"Normal","Normal"
2024-08-15,0.312866333969907,7,727.984274967809,3,"Normal","Normal"
2024-08-16,0.284855579525463,7,797.190418971311,3,"Normal","Normal"
2024-08-17,0.268665045152546,6,842.859701006525,4,"Normal","Normal"
2024-08-18,0.241524321717361,6,935.013322437571,4,"Normal","Normal"
2024-08-19,0.217453640630093,6,1036.44161711571,4,"Normal","Normal"
2024-08-20,0.191533082634722,5,1173.51246871465,5,"Normal","Normal"
2024-08-21,0.17001307782338,5,1317.90143346629,5,"Normal","Normal"
2024-08-22,0.151221999543519,4,1476.92359842146,6,"Normal","Normal"
2024-08-23,0.134958255244213,4,1651.40730831752,6,"Normal","Normal"
2024-08-24,0.120823434384028,3,1839.35656890247,7,"Normal","Normal"
2024-08-25,0.108636634173843,3,2040.61659244648,7,"Normal","Normal"
2024-08-26,0.0981548825391204,3,2251.45655650474,8,"Normal","Normal"
2024-08-27,0.0889712808310185,2,2476.39164713545,8,"Normal","Normal"
2024-08-28,0.080971239599537,2,2714.27042614912,9,"Normal","Normal"
2024-08-29,0.0832980420425926,2,2633.27760026185,8,"Normal","Normal"
2024-08-30,0.144812947944213,4,1510.64659647528,6,"Normal","Normal"
2024-08-31,0.209778800013657,6,1041.25956361207,5,"Normal","Normal"
2024-09-01,0.27009263871713,7,809.142008343531,3,"Normal","Normal"
2024-09-02,0.260952008052778,6,835.453546483688,4,"Normal","Normal"
2024-09-03,0.230578907215509,6,942.66916063063,4,"Normal","Normal"
2024-09-04,0.201332072129861,5,1076.18405828724,5,"Normal","Normal"
2024-09-05,0.177043352783565,5,1219.93087718873,5,"Normal","Normal"
2024-09-06,0.155902129765278,4,1381.17642096322,6,"Normal","Normal"
2024-09-07,0.137583202459954,4,1560.70234350238,6,"Normal","Normal"
2024-09-08,0.121519459191435,3,1761.24575922911,7,"Normal","Normal"
2024-09-09,0.107563419093519,3,1983.63503702863,7,"Normal","Normal"
2024-09-10,0.0954471762761574,3,2227.75735563865,8,"Normal","Normal"
2024-09-11,0.0849304111983796,2,2496.74577514888,8,"Normal","Normal"
2024-09-12,0.0756826181780093,2,2793.55588948208,9,"Normal","Normal"
2024-09-13,0.0682289988608796,2,3089.50396070269,9,"Normal","Normal"
2024-09-14,0.06209315821875,1,3385.38217359507,9,"Normal","Low flow"
2024-09-15,0.0565000259439815,1,3709.27022341856,10,"Slow WRT","Low flow"
2024-09-16,0.0508644531321759,1,4107.58631528934,10,"Slow WRT","Low flow"
2024-09-17,0.0672857579252315,1,3099.43151415964,9,"Normal","Low flow"
2024-09-18,0.25860875990162,6,806.56754759986,3,"Normal","Normal"
2024-09-19,0.289480537049074,7,720.308994899347,3,"Normal","Normal"
2024-09-20,0.273435361515509,7,763.354076053784,3,"Normal","Normal"
2024-09-21,0.278102229069444,7,748.971932053684,3,"Normal","Normal"
2024-09-22,0.244212929738657,6,850.672810980012,4,"Normal","Normal"
2024-09-23,0.221924751206944,6,933.875172870343,4,"Normal","Normal"
2024-09-24,0.238203880200926,6,870.543647944807,4,"Normal","Normal"
2024-09-25,0.356819876152315,8,585.010078290171,2,"Normal","Normal"
2024-09-26,0.558538157169213,9,382.198387999799,1,"Fast WRT","Normal"
2024-09-27,0.839179921873611,10,262.76101205262,1,"Fast WRT","High flow"
2024-09-28,0.914602061255556,10,252.3820765448,1,"Fast WRT","High flow"
2024-09-29,0.824341118605324,10,283.148408306233,1,"Fast WRT","High flow"
2024-09-30,0.749519512822454,10,312.644626822979,1,"Fast WRT","High flow"
2024-10-01,0.704441296408565,10,335.68477463963,1,"Fast WRT","High flow"
2024-10-02,0.650115286974306,10,367.852053356931,1,"Fast WRT","High flow"
2024-10-03,0.573875106240972,9,419.692730450101,1,"Fast WRT","Normal"
2024-10-04,0.509958596449768,9,474.107624682647,2,"Normal","Normal"
2024-10-05,0.44700442583588,8,541.7207355156,2,"Normal","Normal"
2024-10-06,0.394322987211806,8,614.748470056088,2,"Normal","Normal"
2024-10-07,0.348613998316204,7,695.208838749565,3,"Normal","Normal"
2024-10-08,0.308675861444213,7,784.687825739203,3,"Normal","Normal"
2024-10-09,0.27374889098287,7,883.816634709938,4,"Normal","Normal"
2024-10-10,0.243585870803935,6,992.03527965067,4,"Normal","Normal"
2024-10-11,0.217221809196528,6,1110.86759275696,5,"Normal","Normal"
2024-10-12,0.194145828196065,5,1241.13954039829,5,"Normal","Normal"
2024-10-13,0.173947315606713,5,1382.48683420006,6,"Normal","Normal"
2024-10-14,0.156264465850232,4,1536.6616258675,6,"Normal","Normal"
2024-10-15,0.141964126895602,4,1687.53308140321,7,"Normal","Normal"
2024-10-16,0.129976266702778,4,1839.1358057359,7,"Normal","Normal"
2024-10-17,0.117673816029167,3,2021.19221895919,7,"Normal","Normal"
2024-10-18,0.106752274329398,3,2227.28231858854,8,"Normal","Normal"
2024-10-19,0.0971511638381944,3,2442.64152551937,8,"Normal","Normal"
2024-10-20,0.0886216769071759,2,2667.66613680502,8,"Normal","Normal"
2024-10-21,0.0811192509724537,2,2904.7082264836,9,"Normal","Normal"
2024-10-22,0.0744099325736111,2,3153.67652906743,9,"Normal","Normal"
2024-10-23,0.0684369574923611,2,3414.16155715881,9,"Normal","Normal"
2024-10-24,0.0631695563393519,1,3694.56365669668,10,"Slow WRT","Low flow"
2024-10-25,0.0583732451474537,1,4000.85373924124,10,"Slow WRT","Low flow"
2024-10-26,0.0542034623835648,1,4302.14230654468,10,"Slow WRT","Low flow"
2024-10-27,0.0504803662719907,1,4609.23992940863,10,"Slow WRT","Low flow"
2024-10-28,0.0470914893895833,1,4947.67265364494,10,"Slow WRT","Low flow"
2024-10-29,0.0440034098134259,1,5356.46891364031,10,"Slow WRT","Low flow"
2024-10-30,0.0411890717011574,1,5690.90556823485,10,"Slow WRT","Low flow"
2024-10-31,0.0388787149662037,1,5945.16901058066,10,"Slow WRT","Low flow"
2024-11-01,0.0367195526444444,1,6242.84049250526,10,"Slow WRT","Low flow"
2024-11-02,0.0350086684951389,1,6520.58078608588,10,"Slow WRT","Low flow"
2024-11-03,0.0331136985164352,1,6918.66468525256,10,"Slow WRT","Low flow"
2024-11-04,0.031396978793287,1,7271.73231973148,10,"Slow WRT","Low flow"
2024-11-05,0.0298431246310185,1,7697.22063416578,10,"Slow WRT","Low flow"
2024-11-06,0.0284781308585648,1,8021.60848667844,10,"Slow WRT","Low flow"
2024-11-07,0.0273258702780093,1,8308.55321312777,10,"Slow WRT","Low flow"
2024-11-08,0.0268606158907407,1,8442.8813680696,10,"Slow WRT","Low flow"
2024-11-09,0.0262961567481481,1,8597.3543711146,10,"Slow WRT","Low flow"
2024-11-10,0.0280224255921296,1,8049.56441217505,10,"Slow WRT","Low flow"
2024-11-11,0.0648533846462963,1,3470.93413756324,9,"Normal","Low flow"
2024-11-12,0.163472991065972,5,1373.94466243617,6,"Normal","Normal"
2024-11-13,0.143783234414352,4,1557.35445739448,6,"Normal","Normal"
2024-11-14,0.15840559094375,4,1412.85272315774,6,"Normal","Normal"
2024-11-15,0.256980634799537,6,871.594761546606,4,"Normal","Normal"
2024-11-16,0.231460609372454,6,965.805124246889,4,"Normal","Normal"
2024-11-17,0.20272306073125,5,1100.37339329467,5,"Normal","Normal"
2024-11-18,0.177959537876852,5,1250.94459648095,5,"Normal","Normal"
2024-11-19,0.156614069774074,4,1418.40209273278,6,"Normal","Normal"
2024-11-20,0.141763595358102,4,1565.33950095495,6,"Normal","Normal"
2024-11-21,0.135572051511111,4,1632.28738976703,6,"Normal","Normal"
2024-11-22,0.120274890442824,3,1835.51092382164,7,"Normal","Normal"
2024-11-23,0.106786757265741,3,2061.745831851,7,"Normal","Normal"
2024-11-24,0.0951219756611111,3,2308.48738756767,8,"Normal","Normal"
2024-11-25,0.0849022943425926,2,2580.59663838186,8,"Normal","Normal"
2024-11-26,0.0770980100881944,2,2835.71580527667,9,"Normal","Normal"
2024-11-27,0.0705711859986111,2,3089.58695298408,9,"Normal","Normal"
2024-11-28,0.0692656089780092,2,3142.32982393461,9,"Normal","Normal"
2024-11-29,0.0810847680361111,2,2678.42215773632,8,"Normal","Normal"
2024-11-30,0.0726741146087963,2,2980.34934131847,9,"Normal","Normal"
2024-12-01,0.0654767300340278,1,3299.90842859155,9,"Normal","Low flow"
2024-12-02,0.0592698014923611,1,3636.48070046636,10,"Slow WRT","Low flow"
2024-12-03,0.0535233527775463,1,4015.80828438167,10,"Slow WRT","Low flow"
2024-12-04,0.0485015762326389,1,4417.9629502207,10,"Slow WRT","Low flow"
2024-12-05,0.044446913425463,1,4809.65564817886,10,"Slow WRT","Low flow"
2024-12-06,0.0408145339618056,1,5221.59768156353,10,"Slow WRT","Low flow"
2024-12-07,0.0373779114752315,1,5684.77215138837,10,"Slow WRT","Low flow"
2024-12-08,0.0343296199025463,1,6173.23673369047,10,"Slow WRT","Low flow"
2024-12-09,0.0434553963789352,1,4868.02352556934,10,"Slow WRT","Low flow"
2024-12-10,0.0873564183967593,2,2416.50379566833,8,"Normal","Normal"
2024-12-11,0.135539160094907,4,1565.86463515114,6,"Normal","Normal"
2024-12-12,0.34377365506713,7,622.469111090005,2,"Normal","Normal"
2024-12-13,0.30092621938125,7,712.400258136697,3,"Normal","Normal"
2024-12-14,0.263056528183102,6,815.148030409085,3,"Normal","Normal"
2024-12-15,0.23433012018287,6,915.432971983981,4,"Normal","Normal"
2024-12-16,0.238286639248148,6,903.79921102166,4,"Normal","Normal"
2024-12-17,0.280884736778935,7,769.961680133045,3,"Normal","Normal"
2024-12-18,0.25680026251713,6,844.054021492982,4,"Normal","Normal"
2024-12-19,0.2287491895625,6,948.702588340375,4,"Normal","Normal"
2024-12-20,0.211196844457407,6,1028.03229715217,4,"Normal","Normal"
2024-12-21,0.192935742383796,5,1125.39786299665,5,"Normal","Normal"
2024-12-22,0.170529791361806,5,1271.80706655467,5,"Normal","Normal"
2024-12-23,0.15100555280463,4,1433.84113671629,6,"Normal","Normal"
2024-12-24,0.134364618232407,4,1608.65138995813,6,"Normal","Normal"
2024-12-25,0.120051016609954,3,1799.01909799103,7,"Normal","Normal"
2024-12-26,0.107188881354167,3,2013.35980500782,7,"Normal","Normal"
2024-12-27,0.0961172062546296,3,2242.29369533307,8,"Normal","Normal"
2024-12-28,0.100045077957407,3,2153.28004966502,8,"Normal","Normal"
2024-12-29,0.167908027186343,5,1284.03793637494,5,"Normal","Normal"
2024-12-30,0.245582167564815,6,881.639192987475,4,"Normal","Normal"
2024-12-31,0.241684004237963,6,898.954085384902,4,"Normal","Normal"
2025-01-01,0.213018074003009,6,1022.37421707456,4,"Normal","Normal"
2025-01-02,0.188023250221759,5,1158.69676989255,5,"Normal","Normal"
2025-01-03,0.166723936203009,5,1307.51544767928,5,"Normal","Normal"
2025-01-04,0.148238429789815,4,1469.8165708371,6,"Normal","Normal"
2025-01-05,0.137065958414815,4,1588.34977829399,6,"Normal","Normal"
2025-01-06,0.197577145615509,5,1104.69797798268,5,"Normal","Normal"
2025-01-07,0.346045284812037,7,631.492399187213,2,"Normal","Normal"
2025-01-08,0.305323589525,7,714.792468218255,3,"Normal","Normal"
2025-01-09,0.269450195087731,6,809.370163892925,3,"Normal","Normal"
2025-01-10,0.238773644410648,6,911.685970968877,4,"Normal","Normal"
2025-01-11,0.221371432705324,6,982.704805953573,4,"Normal","Normal"
2025-01-12,0.227376238189352,6,955.184075192567,4,"Normal","Normal"
2025-01-13,0.201749580912963,5,1074.89025048342,5,"Normal","Normal"
2025-01-14,0.179353179011806,5,1207.05063461736,5,"Normal","Normal"
2025-01-15,0.159886765686343,5,1351.61102870912,6,"Normal","Normal"
2025-01-16,0.142938667727315,4,1509.12248606784,6,"Normal","Normal"
2025-01-17,0.128231430123843,4,1679.74814072841,6,"Normal","Normal"
2025-01-18,0.116738532694213,3,1843.04400741533,7,"Normal","Normal"
2025-01-19,0.120464811846065,3,1787.26422067155,7,"Normal","Normal"
2025-01-20,0.158283574399769,4,1364.40887331272,6,"Normal","Normal"
2025-01-21,0.141524336830556,4,1528.693132304,6,"Normal","Normal"
2025-01-22,0.127234077503472,4,1701.34624357366,7,"Normal","Normal"
2025-01-23,0.114380430355093,3,1893.5779545772,7,"Normal","Normal"
2025-01-24,0.102898143059722,3,2105.19055157127,8,"Normal","Normal"
2025-01-25,0.0930911959638889,2,2325.86872660124,8,"Normal","Normal"
2025-01-26,0.0842312033506944,2,2568.2582845097,8,"Normal","Normal"
2025-01-27,0.0765133916905093,2,2824.96142103581,9,"Normal","Normal"
2025-01-28,0.0696597754657407,2,3101.00944883151,9,"Normal","Normal"
2025-01-29,0.0636130599513889,1,3361.02681788693,9,"Normal","Low flow"
2025-01-30,0.0583032182613426,1,3627.79675129398,10,"Slow WRT","Low flow"
2025-01-31,0.133242066027778,4,1600.2370061659,6,"Normal","Normal"
2025-02-01,0.40151241418588,8,546.195232330858,2,"Normal","Normal"
2025-02-02,0.394572855873611,8,566.133834325823,2,"Normal","Normal"
2025-02-03,0.347228314781944,7,650.848575009327,3,"Normal","Normal"
2025-02-04,0.305731549187269,7,744.579343345006,3,"Normal","Normal"
2025-02-05,0.270033752471991,7,846.767300464221,4,"Normal","Normal"
2025-02-06,0.247641064117824,6,928.159698454204,4,"Normal","Normal"
2025-02-07,0.24849252739213,6,932.443219508269,4,"Normal","Normal"
2025-02-08,0.236892467606481,6,985.729012940997,4,"Normal","Normal"
2025-02-09,0.226977297141204,6,1037.93889072235,5,"Normal","Normal"
2025-02-10,0.206374007929861,5,1148.68826840767,5,"Normal","Normal"
2025-02-11,0.26128728829537,6,913.24899373324,4,"Normal","Normal"
2025-02-12,0.509710849814815,9,472.372079169471,2,"Normal","Normal"
2025-02-13,0.771209810288657,10,317.610952751637,1,"Fast WRT","High flow"
2025-02-14,0.7083060378125,10,356.494875271813,1,"Fast WRT","High flow"
2025-02-15,0.841307784299306,10,314.02841115435,1,"Fast WRT","High flow"
2025-02-16,0.933810648318518,10,307.171060006996,1,"Fast WRT","High flow"
2025-02-17,0.83980645030162,10,340.973781992968,1,"Fast WRT","High flow"
2025-02-18,0.746929048543056,10,379.495755508278,1,"Fast WRT","High flow"
2025-02-19,0.670852263877315,10,420.342319748641,1,"Fast WRT","High flow"
2025-02-20,0.605536807884028,9,464.348487948526,1,"Fast WRT","Normal"
2025-02-21,0.540681831717593,9,518.648103157375,2,"Normal","Normal"
2025-02-22,0.483010977458102,9,579.476216357452,2,"Normal","Normal"
2025-02-23,0.432664298877778,8,646.497032616561,3,"Normal","Normal"
2025-02-24,0.388550543668056,8,719.381045961666,3,"Normal","Normal"
2025-02-25,0.349955649793287,8,798.20846530667,3,"Normal","Normal"
2025-02-26,0.316239826157639,7,882.69264969702,4,"Normal","Normal"
2025-02-27,0.286461953852315,7,973.968713637635,4,"Normal","Normal"
2025-02-28,0.2608342355625,6,1068.91892853704,5,"Normal","Normal"
2025-03-01,0.23754392985,6,1173.18503393715,5,"Normal","Normal"
2025-03-02,0.217013320058333,6,1282.28665452488,5,"Normal","Normal"
2025-03-03,0.199053015290972,5,1396.20920148683,6,"Normal","Normal"
2025-03-04,0.183060890428704,5,1516.95533509765,6,"Normal","Normal"
2025-03-05,0.256156227367593,6,NA,NA,"Normal","Normal"
2025-03-06,0.333213388438889,7,NA,NA,"Normal","Normal"
2025-03-07,0.300713486189352,7,NA,NA,"Normal","Normal"
2025-03-08,0.270730838292824,7,NA,NA,"Normal","Normal"
2025-03-09,0.244369959725694,6,NA,NA,"Normal","Normal"
2025-03-10,0.22117196218125,6,NA,NA,"Normal","Normal"
2025-03-11,0.200973449591898,5,NA,NA,"Normal","Normal"
2025-03-12,0.183003065196991,5,NA,NA,"Normal","Normal"
2025-03-13,0.167233222647454,5,1641.05849249181,6,"Normal","Normal"
2025-03-14,0.153430498989583,4,1787.87922881809,7,"Normal","Normal"
2025-03-15,0.143615063786343,4,1908.72976478482,7,"Normal","Normal"
2025-03-16,0.148225167121991,4,1849.91717570123,7,"Normal","Normal"
2025-03-17,0.159435304473611,5,1719.8510015947,7,"Normal","Normal"
2025-03-18,0.146061230239815,4,1882.33081252023,7,"Normal","Normal"
2025-03-19,0.134054802312037,4,2056.22187919001,7,"Normal","Normal"
2025-03-20,0.125246799356713,4,2195.53063829865,8,"Normal","Normal"
2025-03-21,0.116732166613657,3,2355.81225510036,8,"Normal","Normal"
2025-03-22,0.108168727253009,3,2539.16980378781,8,"Normal","Normal"
2025-03-23,0.100626513314815,3,2726.43714431361,9,"Normal","Normal"
2025-03-24,0.102381960028009,3,2676.17681130081,8,"Normal","Normal"
2025-03-25,0.110228154312731,3,2483.58468545936,8,"Normal","Normal"
2025-03-26,0.102220685987269,3,2674.11156593716,8,"Normal","Normal"
2025-03-27,0.09489438828125,3,2875.72026750534,9,"Normal","Normal"
2025-03-28,0.0884206148629629,2,3080.93820818587,9,"Normal","Normal"
2025-03-29,0.0829935311893518,2,3278.98760779234,9,"Normal","Normal"
2025-03-30,0.0780274578493056,2,3482.11898835136,9,"Normal","Normal"
2025-03-31,0.094350618900463,3,2876.18480379064,9,"Normal","Normal"
2025-04-01,0.131119508669213,4,2067.69076884575,7,"Normal","Normal"
2025-04-02,0.119743853223148,3,2260.29813329956,8,"Normal","Normal"
2025-04-03,0.110719403528935,3,2455.37134401993,8,"Normal","Normal"
2025-04-04,0.102180367477083,3,2652.43992591338,8,"Normal","Normal"
2025-04-05,0.105151205069676,3,2573.03697102832,8,"Normal","Normal"
2025-04-06,0.121544923513657,3,2222.93701751713,8,"Normal","Normal"
2025-04-07,0.144380584973148,4,1873.56756913606,7,"Normal","Normal"
2025-04-08,0.196792526187037,5,1373.81946581229,6,"Normal","Normal"
2025-04-09,0.181347353745833,5,1488.53619304444,6,"Normal","Normal"
2025-04-10,0.170032706571759,5,1585.34309965664,6,"Normal","Normal"
2025-04-11,0.20367744230787,5,1322.77866514295,6,"Normal","Normal"
2025-04-12,0.247872365044676,6,1088.10766845562,5,"Normal","Normal"
2025-04-13,0.228483405699306,6,1180.18744512436,5,"Normal","Normal"
2025-04-14,0.20421802864838,5,1319.75853280878,6,"Normal","Normal"
2025-04-15,0.189478430135417,5,1422.50410663172,6,"Normal","Normal"
2025-04-16,0.183903865595602,5,1463.90450782395,6,"Normal","Normal"
2025-04-17,0.165584407783565,5,1622.76105899185,6,"Normal","Normal"
2025-04-18,0.149695731730324,4,1793.47152270112,7,"Normal","Normal"
2025-04-19,0.13586542172338,4,1972.98346374277,7,"Normal","Normal"
2025-04-20,0.12381920579213,4,2163.12266196424,8,"Normal","Normal"
2025-04-21,0.113307215274769,3,2360.79669338476,8,"Normal","Normal"
2025-04-22,0.106021236078935,3,2520.41901596289,8,"Normal","Normal"
2025-04-23,0.101034472977083,3,2638.77661975841,8,"Normal","Normal"
2025-04-24,0.0933495527331019,2,2851.9394769637,9,"Normal","Normal"
2025-04-25,0.0978853851289352,3,2711.51705072463,9,"Normal","Normal"
2025-04-26,0.128421882033796,4,2067.33003839523,7,"Normal","Normal"
2025-04-27,0.129088198465278,4,2050.84030848783,7,"Normal","Normal"
2025-04-28,0.117150736410185,3,2255.60341213534,8,"Normal","Normal"
2025-04-29,0.106768189530787,3,2469.18201624438,8,"Normal","Normal"
2025-04-30,0.097715622980787,3,2695.08295054606,9,"Normal","Normal"
2025-05-01,0.0898206220784722,2,2922.42240451596,9,"Normal","Normal"
2025-05-02,0.0833765570361111,2,3145.0815860983,9,"Normal","Normal"
2025-05-03,0.0808624857233796,2,3235.19597436661,9,"Normal","Normal"
2025-05-04,0.105765531843287,3,2479.9951059116,8,"Normal","Normal"
2025-05-05,0.1555265310125,4,1684.87452936421,7,"Normal","Normal"
2025-05-06,0.1468177328125,4,1781.26626757658,7,"Normal","Normal"
2025-05-07,0.131062213944213,4,1993.21007990318,7,"Normal","Normal"
2025-05-08,0.126262719712037,4,2065.69739228309,7,"Normal","Normal"
2025-05-09,0.13434180644375,4,1948.16097440079,7,"Normal","Normal"
2025-05-10,0.119644117961111,3,2183.67028157755,8,"Normal","Normal"
2025-05-11,0.107216467703241,3,2433.40196501504,8,"Normal","Normal"
2025-05-12,0.124110453977546,4,2100.88599016718,7,"Normal","Normal"
2025-05-13,0.533415481270139,9,515.930145200401,2,"Normal","Normal"
2025-05-14,0.801146304101157,10,353.628468967497,1,"Fast WRT","High flow"
2025-05-15,0.721732101704167,10,394.056212653676,1,"Fast WRT","High flow"
2025-05-16,0.641477576673843,10,441.333604954892,1,"Fast WRT","High flow"
2025-05-17,0.58820197053125,9,478.792792098922,2,"Normal","Normal"
2025-05-18,0.519573500115509,9,540.780508016492,2,"Normal","Normal"
2025-05-19,0.456258584936806,8,614.64111421335,2,"Normal","Normal"
2025-05-20,0.400884294237731,8,696.543563016991,3,"Normal","Normal"
2025-05-21,0.376918122972917,8,741.941160027949,3,"Normal","Normal"
2025-05-22,0.380735649279398,8,731.265340760951,3,"Normal","Normal"
2025-05-23,0.331907280911574,7,838.034310998787,4,"Normal","Normal"
2025-05-24,0.291672060280324,7,953.8827335353,4,"Normal","Normal"
2025-05-25,0.257075595501157,6,1081.00975818959,5,"Normal","Normal"
2025-05-26,0.24167445511713,6,1147.35286472464,5,"Normal","Normal"
2025-05-27,0.301516673352778,7,920.798798221822,4,"Normal","Normal"
2025-05-28,0.443077615146528,8,627.828292367435,2,"Normal","Normal"
2025-05-29,0.483926101537963,9,575.306950187418,2,"Normal","Normal"
2025-05-30,0.442920585159491,8,631.94612223168,3,"Normal","Normal"
2025-05-31,0.394486913786111,8,710.246573750865,3,"Normal","Normal"
2025-06-01,0.34441822072338,7,814.380866629879,3,"Normal","Normal"
2025-06-02,0.303077954609028,7,921.901043881023,4,"Normal","Normal"
2025-06-03,0.267905359539583,6,1043.85359192448,5,"Normal","Normal"
2025-06-04,0.237723771625694,6,1170.50734878276,5,"Normal","Normal"
2025-06-05,0.213583063652315,6,1301.25124987593,5,"Normal","Normal"
2025-06-06,0.195428593428009,5,1421.82692090321,6,"Normal","Normal"
2025-06-07,0.191059340140046,5,1451.75792564133,6,"Normal","Normal"
2025-06-08,0.205921485703704,5,1341.70570270595,6,"Normal","Normal"
2025-06-09,0.183360626721528,5,1509.79389505502,6,"Normal","Normal"
2025-06-10,0.168060813119676,5,1637.12981831937,6,"Normal","Normal"
2025-06-11,0.151376907503704,4,1820.02987057394,7,"Normal","Normal"
2025-06-12,0.136172585110185,4,2015.38427658616,7,"Normal","Normal"
2025-06-13,0.13393172475463,4,2042.70426529677,7,"Normal","Normal"
2025-06-14,0.160215149341667,5,1703.11459961829,7,"Normal","Normal"
2025-06-15,0.21172363762338,6,1293.16174727276,5,"Normal","Normal"
2025-06-16,0.319186260441435,7,855.908041671223,4,"Normal","Normal"
2025-06-17,0.46960719484838,9,581.607415292487,2,"Normal","Normal"
2025-06-18,0.466215665432407,9,583.677778060423,2,"Normal","Normal"
2025-06-19,0.433705683555324,8,628.14385037076,2,"Normal","Normal"
2025-06-20,0.389495906630555,8,695.576373004178,3,"Normal","Normal"
2025-06-21,0.348649542265972,7,776.033151727651,3,"Normal","Normal"
2025-06-22,0.308704508806713,7,876.905017042702,4,"Normal","Normal"
2025-06-23,0.274560566253704,7,978.347739934385,4,"Normal","Normal"
2025-06-24,0.24645856465463,6,1090.19926863322,5,"Normal","Normal"
2025-06-25,0.222585762571296,6,1200.30881429107,5,"Normal","Normal"
2025-06-26,0.20201589528287,5,1325.50169035041,6,"Normal","Normal"
2025-06-27,0.192649799265509,5,1382.23790944308,6,"Normal","Normal"
2025-06-28,0.23012956802963,6,1159.95204065522,5,"Normal","Normal"
2025-06-29,0.310776137520833,7,857.246804623899,4,"Normal","Normal"
2025-06-30,0.346864387176852,7,769.810452940903,3,"Normal","Normal"
2025-07-01,0.521124701744213,9,508.185237452513,2,"Normal","Normal"
2025-07-02,0.609397305234259,10,436.771270653752,1,"Fast WRT","High flow"
2025-07-03,0.563121735169213,9,471.258736016491,2,"Normal","Normal"
2025-07-04,0.502368106400695,9,527.794488835864,2,"Normal","Normal"
2025-07-05,0.437866978211806,8,603.454421091279,2,"Normal","Normal"
2025-07-06,0.395649253994213,8,666.879059632148,3,"Normal","Normal"
2025-07-07,0.385591907729861,8,681.943920741823,3,"Normal","Normal"
2025-07-08,0.410111928003009,8,641.2096244303,3,"Normal","Normal"
2025-07-09,0.469086767762963,9,562.158857326813,2,"Normal","Normal"
2025-07-10,0.556343981404398,9,470.877790654747,2,"Normal","Normal"
2025-07-11,0.508285378277083,9,515.895922671267,2,"Normal","Normal"
2025-07-12,0.466219909486111,9,563.051672764284,2,"Normal","Normal"
2025-07-13,0.424008020842361,8,619.005948212386,2,"Normal","Normal"
2025-07-14,0.493820582241435,9,530.646724996567,2,"Normal","Normal"
2025-07-15,0.611411108716667,10,426.470687787404,1,"Fast WRT","High flow"
2025-07-16,0.616383548137268,10,419.417009182546,1,"Fast WRT","High flow"
2025-07-17,0.593287938388426,9,433.883605151097,1,"Fast WRT","Normal"
2025-07-18,1.07983527359514,10,240.228182402817,1,"Fast WRT","High flow"
2025-07-19,0.907857729413657,10,289.253064229435,1,"Fast WRT","High flow"
2025-07-20,0.808923002006481,10,329.27737287632,1,"Fast WRT","High flow"
2025-07-21,0.734577260745139,10,364.476281143376,1,"Fast WRT","High flow"
2025-07-22,0.66898753278125,10,399.206798569884,1,"Fast WRT","High flow"
2025-07-23,0.570209835361111,9,465.422856279805,1,"Fast WRT","Normal"
2025-07-24,0.539289782102778,9,488.38457946449,2,"Normal","Normal"
2025-07-25,0.480759506968287,9,547.081711617954,2,"Normal","Normal"
2025-07-26,0.482710710658565,9,549.147320137271,2,"Normal","Normal"
2025-07-27,0.453319577746991,8,584.371795020064,2,"Normal","Normal"
2025-07-28,0.416725755193519,8,631.29869373269,2,"Normal","Normal"
2025-07-29,0.458153554915509,8,571.546585037492,2,"Normal","Normal"
2025-07-30,0.4826794107625,9,539.027089159883,2,"Normal","Normal"
2025-07-31,0.513030230317824,9,505.99700237896,2,"Normal","Normal"
2025-08-01,0.599243937254861,9,439.090501077679,1,"Fast WRT","Normal"
2025-08-02,0.551444221403472,9,480.263392211233,2,"Normal","Normal"
2025-08-03,0.46641301392963,9,569.072304916756,2,"Normal","Normal"
2025-08-04,0.415801612499537,8,640.939047019855,3,"Normal","Normal"
2025-08-05,0.420817022963889,8,632.186518116641,3,"Normal","Normal"
2025-08-06,0.485075179078241,9,546.36925522969,2,"Normal","Normal"
2025-08-07,0.465121230083565,9,567.813271844998,2,"Normal","Normal"
2025-08-08,0.432023446768519,8,612.423146911608,2,"Normal","Normal"
2025-08-09,0.370202438493519,8,712.466354921025,3,"Normal","Normal"
2025-08-10,0.332836198165972,7,790.103187659749,3,"Normal","Normal"
2025-08-11,0.316049374247685,7,838.395312025592,4,"Normal","Normal"
2025-08-12,0.302432327939352,7,871.651772525852,4,"Normal","Normal"
2025-08-13,0.299075281459722,7,881.657108437252,4,"Normal","Normal"
2025-08-14,0.334494562150695,7,787.527143595295,3,"Normal","Normal"
2025-08-15,0.331768818659491,7,784.618039665312,3,"Normal","Normal"
2025-08-16,0.310765527386574,7,835.510922610427,4,"Normal","Normal"
2025-08-17,0.288333051028935,7,898.916215699545,4,"Normal","Normal"
2025-08-18,0.26898441019375,6,965.702604712997,4,"Normal","Normal"
2025-08-19,0.252228886171528,6,1019.86196834148,4,"Normal","Normal"
2025-08-20,0.24525537542963,6,1052.42060757668,5,"Normal","Normal"
2025-08-21,0.236536497602083,6,1077.47405688444,5,"Normal","Normal"
2025-08-22,0.225647316811806,6,1134.22845580144,5,"Normal","Normal"
2025-08-23,0.213649376991435,6,1200.06147098281,5,"Normal","Normal"
2025-08-24,0.208487546674306,5,1238.1582326374,5,"Normal","Normal"
2025-08-25,0.179481561636343,5,1443.72988873381,6,"Normal","Normal"
2025-08-26,0.161534519536806,5,1594.06594984132,6,"Normal","Normal"
2025-08-27,0.145545047208102,4,1757.32474803921,7,"Normal","Normal"
2025-08-28,0.131960361809259,4,1933.97988567884,7,"Normal","Normal"
2025-08-29,0.120782054860417,3,2108.92339690136,8,"Normal","Normal"
2025-08-30,0.110391550380324,3,2309.24252866074,8,"Normal","Normal"
2025-08-31,0.101390973488194,3,2506.28204282985,8,"Normal","Normal"
2025-09-01,0.0928344307148148,2,2724.59533172471,9,"Normal","Normal"
2025-09-02,0.0851330647627315,2,2971.38369440177,9,"Normal","Normal"
2025-09-03,0.0849447348796296,2,2952.54003233036,9,"Normal","Normal"
2025-09-04,0.0853304132599537,2,2959.83265421903,9,"Normal","Normal"
2025-09-05,0.0831919407,2,3026.13102449508,9,"Normal","Normal"
2025-09-06,0.0825770834196759,2,3053.07193884457,9,"Normal","Normal"
2025-09-07,0.0854550823375,2,2922.19115333409,9,"Normal","Normal"
2025-09-08,0.0828603740043981,2,2993.68612378431,9,"Normal","Normal"
2025-09-09,0.0757494620238426,2,3270.05162362287,9,"Normal","Normal"
2025-09-10,0.0694730371027778,2,3549.24324118167,9,"Normal","Normal"
2025-09-11,0.0636735377166667,1,3862.83133447705,10,"Slow WRT","Low flow"
2025-09-12,0.0587313371787037,1,4198.79272685461,10,"Slow WRT","Low flow"
2025-09-13,0.0543047891657407,1,4517.85087455569,10,"Slow WRT","Low flow"
2025-09-14,0.0503015855097222,1,4838.46314102078,10,"Slow WRT","Low flow"
2025-09-15,0.0485079423131944,1,5024.82034647839,10,"Slow WRT","Low flow"
2025-09-16,0.0470633725337963,1,5185.70378391977,10,"Slow WRT","Low flow"
2025-09-17,0.0458729154699074,1,5265.3957605362,10,"Slow WRT","Low flow"
2025-09-18,0.045162036474537,1,5297.60458225409,10,"Slow WRT","Low flow"
2025-09-19,0.0428166662965278,1,5642.67769297924,10,"Slow WRT","Low flow"
2025-09-20,0.0417896053002315,1,5800.48665249352,10,"Slow WRT","Low flow"
2025-09-21,0.0417545918571759,1,5779.36901027223,10,"Slow WRT","Low flow"
2025-09-22,0.0394553757631944,1,6092.07085202503,10,"Slow WRT","Low flow"
2025-09-23,0.0421328431435185,1,5661.32043637209,10,"Slow WRT","Low flow"
2025-09-24,0.0569329194217593,1,4227.39102137497,10,"Slow WRT","Low flow"
2025-09-25,0.0803473637050926,2,2970.03152173626,9,"Normal","Normal"
2025-09-26,0.118221298956944,3,2022.62386140313,7,"Normal","Normal"
2025-09-27,0.131831979184722,4,1804.66542123353,7,"Normal","Normal"
2025-09-28,0.221793716048843,6,1071.80396646923,5,"Normal","Normal"
2025-09-29,0.212294993353241,6,1115.9954364596,5,"Normal","Normal"
2025-09-30,0.199848775360417,5,1176.44659406579,5,"Normal","Normal"
2025-10-01,0.203738450579861,5,1153.26231686407,5,"Normal","Normal"
2025-10-02,0.179792438570139,5,1313.38912930988,5,"Normal","Normal"
2025-10-03,0.159039546465741,5,1472.7181838951,6,"Normal","Normal"
2025-10-04,0.14086810002662,4,1660.47594740854,6,"Normal","Normal"
2025-10-05,0.125076506701852,4,1864.4229504981,7,"Normal","Normal"
2025-10-06,0.111416489349769,3,2098.4451855247,7,"Normal","Normal"
2025-10-07,0.100473727381481,3,2317.97012964319,8,"Normal","Normal"
2025-10-08,0.0913553779990741,2,2552.70270203513,8,"Normal","Normal"
2025-10-09,0.0827213812456019,2,2782.43097122725,9,"Normal","Normal"
2025-10-10,0.0753919004993056,2,3042.83050350362,9,"Normal","Normal"
2025-10-11,0.068610963694213,2,3345.1629225165,9,"Normal","Normal"
2025-10-12,0.0630448872618056,1,3635.75479881107,10,"Slow WRT","Low flow"
2025-10-13,0.0588310724407407,1,3889.09646927266,10,"Slow WRT","Low flow"
2025-10-14,0.0543276009543981,1,4193.85184681491,10,"Slow WRT","Low flow"
2025-10-15,0.0497493280215278,1,4562.86913572968,10,"Slow WRT","Low flow"
2025-10-16,0.0456967872412037,1,4962.01427072129,10,"Slow WRT","Low flow"
2025-10-17,0.0422071140833333,1,5365.14506340766,10,"Slow WRT","Low flow"
2025-10-18,0.0390967532252315,1,5778.86854487069,10,"Slow WRT","Low flow"
2025-10-19,0.0389927739094907,1,5784.49674955925,10,"Slow WRT","Low flow"
2025-10-20,0.047324912343287,1,4725.70036907539,10,"Slow WRT","Low flow"
2025-10-21,0.0474989185451389,1,4700.76009608001,10,"Slow WRT","Low flow"
2025-10-22,0.0457386972715278,1,4878.1034039124,10,"Slow WRT","Low flow"
2025-10-23,0.0423890778858796,1,5297.5533542859,10,"Slow WRT","Low flow"
2025-10-24,0.0392341544638889,1,5663.06366108889,10,"Slow WRT","Low flow"
2025-10-25,0.0379094792016204,1,5863.14648428816,10,"Slow WRT","Low flow"
2025-10-26,0.0355121193657407,1,6230.4354361049,10,"Slow WRT","Low flow"
2025-10-27,0.0398797811335648,1,5539.42199244065,10,"Slow WRT","Low flow"
2025-10-28,0.0735006440675926,2,2988.50254966486,9,"Normal","Normal"
2025-10-29,0.13817524795162,4,1602.39031822858,6,"Normal","Normal"
2025-10-30,0.254560463175,6,874.788955309684,4,"Normal","Normal"
2025-10-31,0.528357099762037,9,419.257708567309,1,"Fast WRT","Normal"
2025-11-01,0.462656495895139,9,473.274464679155,2,"Normal","Normal"
2025-11-02,0.404194125619907,8,541.860735965139,2,"Normal","Normal"
2025-11-03,0.353927023046528,8,614.037665919542,2,"Normal","Normal"
2025-11-04,0.310332633908796,7,702.631955312581,3,"Normal","Normal"
2025-11-05,0.272700079211343,7,792.976742236338,3,"Normal","Normal"
2025-11-06,0.240157736424769,6,903.113059229976,4,"Normal","Normal"
2025-11-07,0.212063161919676,6,1019.00213550309,4,"Normal","Normal"
2025-11-08,0.194797820946296,5,1106.88228475353,5,"Normal","Normal"
2025-11-09,0.195159096017824,5,1106.37374017171,5,"Normal","Normal"
2025-11-10,0.173134048815741,5,1240.41760373692,5,"Normal","Normal"
2025-11-11,0.154243765780556,4,1388.26006007108,6,"Normal","Normal"
2025-11-12,0.137474979090509,4,1554.87469189339,6,"Normal","Normal"
2025-11-13,0.122779412634722,4,1744.07487108753,7,"Normal","Normal"
2025-11-14,0.109976694130787,3,1924.87626547215,7,"Normal","Normal"
2025-11-15,0.0988153633967593,3,2141.07121070002,8,"Normal","Normal"
2025-11-16,0.0895102756513889,2,2363.01682653568,8,"Normal","Normal"
2025-11-17,0.0810338393916667,2,2601.47243548247,8,"Normal","Normal"
2025-11-18,0.081502276819213,2,2570.22816296985,8,"Normal","Normal"
2025-11-19,0.105183035472454,3,1989.28853699555,7,"Normal","Normal"
2025-11-20,0.10561752047037,3,1976.53719129149,7,"Normal","Normal"
2025-11-21,0.095194655080787,3,2188.20061452974,8,"Normal","Normal"
2025-11-22,0.0984509052849537,3,2106.8491363809,8,"Normal","Normal"
2025-11-23,0.129818175702315,4,1595.88124911835,6,"Normal","Normal"
2025-11-24,0.115312000143056,3,1793.80498839742,7,"Normal","Normal"
2025-11-25,0.10457189173912,3,1968.84627372474,7,"Normal","Normal"
2025-11-26,0.102697081015509,3,2002.47507275544,7,"Normal","Normal"
2025-11-27,0.109788364247685,3,1877.84704415172,7,"Normal","Normal"
2025-11-28,0.0979723882298611,3,2126.42182255619,8,"Normal","Normal"
2025-11-29,0.0878126541699074,2,2351.66011542903,8,"Normal","Normal"
2025-11-30,0.0802943130337963,2,2539.16275413052,8,"Normal","Normal"
2025-12-01,0.0746990587321759,2,2723.90974985501,9,"Normal","Normal"
2025-12-02,0.0947750242708333,3,2158.7068572068,8,"Normal","Normal"
2025-12-03,0.188165956527546,5,1077.10968108835,5,"Normal","Normal"
2025-12-04,0.165989714912268,5,1214.14044015415,5,"Normal","Normal"
2025-12-05,0.173534581384028,5,1161.65984288184,5,"Normal","Normal"
2025-12-06,0.239088765398148,6,842.033162151603,4,"Normal","Normal"
2025-12-07,0.210642464942361,6,952.637030451799,4,"Normal","Normal"
2025-12-08,0.21579156309838,6,930.640266220542,4,"Normal","Normal"
2025-12-09,0.284849213444907,7,702.037012808839,3,"Normal","Normal"
2025-12-10,0.255721742369676,6,779.029467500047,3,"Normal","Normal"
2025-12-11,0.230111530801389,6,863.412423402224,4,"Normal","Normal"
2025-12-12,0.204974531221065,5,967.984521265838,4,"Normal","Normal"
2025-12-13,0.18358662258125,5,1086.54351907815,5,"Normal","Normal"
2025-12-14,0.163274581555324,5,1217.86692494875,5,"Normal","Normal"
2025-12-15,0.145790671816204,4,1360.61192922236,6,"Normal","Normal"
2025-12-16,0.130375738257639,4,1516.64962090353,6,"Normal","Normal"
2025-12-17,0.116803254513194,3,1688.84429704433,7,"Normal","Normal"
2025-12-18,0.108866343580556,3,1805.44648007772,7,"Normal","Normal"
2025-12-19,0.132349223229861,4,1479.40446909061,6,"Normal","Normal"
2025-12-20,0.188598850005324,5,1041.62720357663,5,"Normal","Normal"
2025-12-21,0.167351525644444,5,1164.3992112922,5,"Normal","Normal"
2025-12-22,0.148944003718056,4,1303.74948128299,5,"Normal","Normal"
2025-12-23,0.132729066036343,4,1455.88238451572,6,"Normal","Normal"
2025-12-24,0.118747031109491,3,1630.80754835224,6,"Normal","Normal"
2025-12-25,0.106808508040972,3,1809.1714461019,7,"Normal","Normal"
2025-12-26,0.0964344492689815,3,1994.66567919246,7,"Normal","Normal"
2025-12-27,0.0874381164305555,2,2199.07175549959,8,"Normal","Normal"
2025-12-28,0.0793844940210648,2,2405.33229968173,8,"Normal","Normal"
2025-12-29,0.0734714661983796,2,2598.15539836176,8,"Normal","Normal"
2025-12-30,0.0673128137675926,1,2819.78274758692,9,"Normal","Low flow"
2025-12-31,0.0617096018652778,1,3088.69459186707,9,"Normal","Low flow"
2026-01-01,0.0568231045321759,1,3362.28128476838,9,"Normal","Low flow"
2026-01-02,0.0524034531064815,1,3626.53138976558,10,"Slow WRT","Low flow"
2026-01-03,0.0484331408666667,1,3903.01207175215,10,"Slow WRT","Low flow"
2026-01-04,0.0451588534342593,1,4173.21246074493,10,"Slow WRT","Low flow"
2026-01-05,0.0420044605189815,1,4497.70507324966,10,"Slow WRT","Low flow"
2026-01-06,0.0392622713196759,1,4776.517342155,10,"Slow WRT","Low flow"
2026-01-07,0.0367094730168981,1,5101.75558994197,10,"Slow WRT","Low flow"
2026-01-08,0.0344245806041667,1,5415.13301276194,10,"Slow WRT","Low flow"
2026-01-09,0.0388755319259259,1,4778.54118699808,10,"Slow WRT","Low flow"
2026-01-10,0.149779551790972,4,1244.61904402887,5,"Normal","Normal"
2026-01-11,0.43385899999537,8,434.038836435146,1,"Fast WRT","Normal"
2026-01-12,0.383373859162963,8,492.614482577203,2,"Normal","Normal"
2026-01-13,0.336170432856944,7,560.432721121805,2,"Normal","Normal"
2026-01-14,0.295423273247685,7,634.718030832826,3,"Normal","Normal"
2026-01-15,0.260802405159722,6,716.680445770679,3,"Normal","Normal"
2026-01-16,0.230776255712731,6,808.515352137274,3,"Normal","Normal"
2026-01-17,0.205146415396065,5,907.482494720543,4,"Normal","Normal"
2026-01-18,0.184926682538194,5,1006.24211609983,4,"Normal","Normal"
2026-01-19,0.168993443921065,5,1098.453475056,5,"Normal","Normal"
2026-01-20,0.150886188794213,4,1226.08434623612,5,"Normal","Normal"
2026-01-21,0.135157725768287,4,1365.86547795651,6,"Normal","Normal"
2026-01-22,0.121640414721991,4,1508.0058382185,6,"Normal","Normal"
2026-01-23,0.109722050908565,3,1665.33742199885,6,"Normal","Normal"
2026-01-24,0.0999262444537037,3,1830.24390399091,7,"Normal","Normal"
2026-01-25,0.0934742218106481,2,1954.29424738353,7,"Normal","Normal"
2026-01-26,0.0919479539974537,2,1966.96184799557,7,"Normal","Normal"
2026-01-27,0.0851564070581019,2,2104.28221617574,7,"Normal","Normal"
2026-01-28,0.0788534568013889,2,2304.5703787948,8,"Normal","Normal"
2026-01-29,0.0732863193555555,2,2472.52774198741,8,"Normal","Normal"
2026-01-30,0.0683579119921296,2,2642.52807989514,8,"Normal","Normal"
2026-01-31,0.0640040433988426,1,2813.24886206289,9,"Normal","Low flow"
2026-02-01,0.0603016370490741,1,2980.88787981983,9,"Normal","Low flow"
